<?xml version="1.0" encoding="UTF-8" standalone="yes"?>
<addon id="plugin.video.shinden"
       name="Shinden"
       version="2019.04.11"
       provider-name="Shinden">
  <requires>
    <import addon="xbmc.python" version="2.1.0"/>
	 <import addon="script.module.requests" version="2.9.1"/>
  </requires>
  <extension point="xbmc.python.pluginsource" library="default.py">
        <provides>video</provides>
  </extension>
  <extension point="xbmc.addon.metadata">
    <summary>Shinden.pl - anime online</summary>
    <description>shinden.pl</description>
    <platform>all</platform>
  </extension>
</addon>
