<?xml version="1.0" encoding="UTF-8" standalone="yes"?>
<addon id="plugin.video.alltube" name="Alltube" version="2019.02.20" provider-name="yeebuttny">
  <requires>
    <import addon="xbmc.python" version="2.1.0"/>
	 <import addon="script.module.requests" version="2.9.1"/>
	 <import addon="script.module.resolveurl" version="5.0.00"/>
  </requires>
  <extension point="xbmc.python.pluginsource" library="default.py">
        <provides>video</provides>
  </extension>
  <extension point="xbmc.addon.metadata">
    <summary>Alltube.pl</summary>
    <description>alltube.pl</description>
    <platform>all</platform>
  </extension>
</addon>
